name,origin,product_id,kind,alcohol_tolerance,flocculation,alpha,use,category,color,ppg
Acidulated Malt,Germany,,Acidulated malt (Grain),,,,,Fermentables,3.4,27
Acerola,,,Fruit,,,,,Fermentables,0,1.5
Abbey Malt,Germany,,Base malt (Grain),,,,,Fermentables,17,33
Ale Malt,Ireland,,Base malt (Grain),,,,,Fermentables,3,37
Amber,United Kingdom,,Base malt (Grain),,,,,Fermentables,27,32
Apple,,,Fruit,,,,,Fermentables,0,5.6
Apricot,,,Fruit,,,,,Fermentables,0,4.05
Apricot (dried),,,Fruit,,,,,Fermentables,0,17.9
Aromatic Malt,America,,Base malt (Grain),,,,,Fermentables,20,35
Ashbourne Mild,America,,Base malt (Grain),,,,,Fermentables,5.3,30
Bohemian Pilsner,Germany,,Base malt (Grain),,,,,Fermentables,1.9,38
Banana,,,Fruit,,,,,Fermentables,0,7.65
Belgian Candi Sugar - Amber/Brown (60L),,,Sugar,,,,,Fermentables,60,38
Belgian Candi Sugar - Clear/Blond (0L),,,Sugar,,,,,Fermentables,0,38
Belgian Candi Sugar - Dark (275L),,,Sugar,,,,,Fermentables,275,38
Belgian Candi Syrup - Amber (40L),,,Sugar,,,,,Fermentables,40,32
Belgian Candi Syrup - Clear (0L),,,Sugar,,,,,Fermentables,0,32
Belgian Candi Syrup - D-180,,,Sugar,,,,,Fermentables,180,32
Belgian Candi Syrup - D-45,,,Sugar,,,,,Fermentables,45,32
Belgian Candi Syrup - D-90,,,Sugar,,,,,Fermentables,90,32
Belgian Candi Syrup - D2 (160L),,,Sugar,,,,,Fermentables,160,32
Belgian Candi Syrup - Dark (80L),,,Sugar,,,,,Fermentables,80,32
Bonlander Munich,America,,Base malt (Grain),,,,,Fermentables,10,36
Dark Munich,Germany,,Base malt (Grain),,,,,Fermentables,10,36
Dark Wheat,Germany,,Base malt (Grain),,,,,Fermentables,6.5,39
Distillers Malt,Ireland,,Base malt (Grain),,,,,Fermentables,2,37
Enzyme Malt,Finland,,Base malt (Grain),,,,,Fermentables,0,35
Blackberry,,,Fruit,,,,,Fermentables,0,3.6
ESB Malt,Canadian,,Base malt (Grain),,,,,Fermentables,3.5,36
Blueberry,,,Fruit,,,,,Fermentables,0,4.95
Floor-Malted Bohemian Pilsner,Germany,,Base malt (Grain),,,,,Fermentables,1.8,38
Floor-Malted Bohemian Pilsner Dk,Germany,,Base malt (Grain),,,,,Fermentables,6.5,38
Boysenberry,,,Fruit,,,,,Fermentables,0,2.5
Floor-Malted Bohemian Wheat,Germany,,Base malt (Grain),,,,,Fermentables,2,38
Brown Rice Syrup - Gluten Free,,,Raw,,,,,Fermentables,2,44
Brown Sugar,,,Sugar,,,,,Fermentables,15,45
Golden Promise,United Kingdom,,Base malt (Grain),,,,,Fermentables,3,37
Cane Sugar,,,Sugar,,,,,Fermentables,0,46
Cantaloupe,,,Fruit,,,,,Fermentables,0,3.4
Halcyon,United Kingdom,,Base malt (Grain),,,,,Fermentables,2,36
Honey Malt,Canadian,,Base malt (Grain),,,,,Fermentables,25,37
Kölsch,Germany,,Base malt (Grain),,,,,Fermentables,4.4,37
Lager,United Kingdom,,Base malt (Grain),,,,,Fermentables,1.4,38
Lager Malt,Ireland,,Base malt (Grain),,,,,Fermentables,2,37
Malted Naked Oats,United Kingdom,,Base malt (Grain),,,,,Fermentables,1.3,33
Maris Otter Pale,United Kingdom,,Base malt (Grain),,,,,Fermentables,3.75,38
Mild,United Kingdom,,Base malt (Grain),,,,,Fermentables,3,37
Munich,Belgium,,Base malt (Grain),,,,,Fermentables,6,38
Munich,United Kingdom,,Base malt (Grain),,,,,Fermentables,6,37
Munich - 60L,America,,Base malt (Grain),,,,,Fermentables,60,33
Munich - Dark 20L,America,,Base malt (Grain),,,,,Fermentables,20,33
Munich - Light 10L,America,,Base malt (Grain),,,,,Fermentables,10,33
Munich Dark,Canadian,,Base malt (Grain),,,,,Fermentables,32,34
Munich Dark,Germany,,Base malt (Grain),,,,,Fermentables,15.5,37
Munich Light,Canadian,,Base malt (Grain),,,,,Fermentables,10,34
Munich Light,Germany,,Base malt (Grain),,,,,Fermentables,6,37
Munich Malt,Finland,,Base malt (Grain),,,,,Fermentables,7,36
Oat Malt,United Kingdom,,Base malt (Grain),,,,,Fermentables,2,28
Carambola,,,Fruit,,,,,Fermentables,0,1.95
Optic,United Kingdom,,Base malt (Grain),,,,,Fermentables,2.1,38
Organic Pilsner Malt,Finland,,Base malt (Grain),,,,,Fermentables,2,36
Pale 2-Row,America,,Base malt (Grain),,,,,Fermentables,1.8,37
Pale 2-Row,Canadian,,Base malt (Grain),,,,,Fermentables,1.75,36
Pale 2-Row,United Kingdom,,Base malt (Grain),,,,,Fermentables,2.5,38
Pale 2-Row - Toasted,America,,Base malt (Grain),,,,,Fermentables,30,33
Pale 6-Row,America,,Base malt (Grain),,,,,Fermentables,1.8,35
Pale Ale,America,,Base malt (Grain),,,,,Fermentables,3.5,37
Pale Ale,Belgium,,Base malt (Grain),,,,,Fermentables,3.4,38
Pale Ale,Germany,,Base malt (Grain),,,,,Fermentables,2.3,39
Pale Ale Malt,Finland,,Base malt (Grain),,,,,Fermentables,2,36
Pale Wheat,Canadian,,Base malt (Grain),,,,,Fermentables,2,36
Pale Wheat,Germany,,Base malt (Grain),,,,,Fermentables,1.5,39
Pearl,United Kingdom,,Base malt (Grain),,,,,Fermentables,2.1,37
Peated Malt,United Kingdom,,Base malt (Grain),,,,,Fermentables,2.5,38
Pilsen,United Kingdom,,Base malt (Grain),,,,,Fermentables,1.8,36
Pilsner,America,,Base malt (Grain),,,,,Fermentables,1.8,37
Pilsner,Belgium,,Base malt (Grain),,,,,Fermentables,1.6,37
Pilsner,Germany,,Base malt (Grain),,,,,Fermentables,1.6,38
Pilsner Malt,Finland,,Base malt (Grain),,,,,Fermentables,2,37
Red Wheat,America,,Base malt (Grain),,,,,Fermentables,2.5,38
Red X,Germany,,Base malt (Grain),,,,,Fermentables,12,36
Rye,America,,Base malt (Grain),,,,,Fermentables,3.5,38
Rye,Germany,,Base malt (Grain),,,,,Fermentables,3.5,38
Carrot,,,Fruit,,,,,Fermentables,0,2
Casaba Melon,,,Fruit,,,,,Fermentables,0,1.9
Cashew,,,Fruit,,,,,Fermentables,0,3
Celery,,,Fruit,,,,,Fermentables,0,0.75
Cherry,,,Fruit,,,,,Fermentables,0,6.3
"Cherry, dark sweet",,,Fruit,,,,,Fermentables,0,6.4
"Cherry, Montmorency",,,Fruit,,,,,Fermentables,0,3.55
Smoked Malt,America,,Base malt (Grain),,,,,Fermentables,5,37
Smoked Malt,Germany,,Base malt (Grain),,,,,Fermentables,3,37
Spelt Malt,Germany,,Base malt (Grain),,,,,Fermentables,2,37
Stout Malt,Ireland,,Base malt (Grain),,,,,Fermentables,2,37
Vienna,America,,Base malt (Grain),,,,,Fermentables,4,35
Vienna,Germany,,Base malt (Grain),,,,,Fermentables,4,37
Vienna Malt,Finland,,Base malt (Grain),,,,,Fermentables,3,36
Wheat,America,,Base malt (Grain),,,,,Fermentables,1.8,38
Corn Sugar - Dextrose,,,Sugar,,,,,Fermentables,0.5,46
Corn Syrup,,,Sugar,,,,,Fermentables,0.5,37
Crabapple,,,Fruit,,,,,Fermentables,0,3.85
Cranberry,,,Fruit,,,,,Fermentables,0,1.8
Wheat,Belgium,,Base malt (Grain),,,,,Fermentables,1.8,38
Wheat,United Kingdom,,Base malt (Grain),,,,,Fermentables,2,37
Wheat Malt,Germany,,Base malt (Grain),,,,,Fermentables,2,37
Wheat Malt,Finland,,Base malt (Grain),,,,,Fermentables,2,38
White Wheat,America,,Base malt (Grain),,,,,Fermentables,2.8,40
Cara 20L,Belgium,,Crystal malt (Grain),,,,,Fermentables,22,34
Cara 45L,Belgium,,Crystal malt (Grain),,,,,Fermentables,42,34
Cara Malt,United Kingdom,,Crystal malt (Grain),,,,,Fermentables,17.5,35
Cara Pale,Finland,,Crystal malt (Grain),,,,,Fermentables,4,35
Cara Plus 100,Finland,,Crystal malt (Grain),,,,,Fermentables,38,35
Cara Plus 150,Finland,,Crystal malt (Grain),,,,,Fermentables,57,35
Cara Plus 200,Finland,,Crystal malt (Grain),,,,,Fermentables,76,35
Cara Plus 250,Finland,,Crystal malt (Grain),,,,,Fermentables,94,35
CaraAmber,Germany,,Crystal malt (Grain),,,,,Fermentables,23,34
CaraAroma,Germany,,Crystal malt (Grain),,,,,Fermentables,130,34
CaraBelge,Germany,,Crystal malt (Grain),,,,,Fermentables,13.6,33
"Currant, black",,,Fruit,,,,,Fermentables,0,4.2
"Currant, red",,,Fruit,,,,,Fermentables,0,2.7
CaraBohemian,Germany,,Crystal malt (Grain),,,,,Fermentables,75,33
CaraCrystal Wheat Malt,America,,Crystal malt (Grain),,,,,Fermentables,55,34
CaraFoam,Germany,,Crystal malt (Grain),,,,,Fermentables,1.8,37
CaraHell,Germany,,Crystal malt (Grain),,,,,Fermentables,11,34
Caramel / Crystal 10L,America,,Crystal malt (Grain),,,,,Fermentables,10,35
Caramel / Crystal 120L,America,,Crystal malt (Grain),,,,,Fermentables,120,33
Date,,,Fruit,,,,,Fermentables,0,27
Date (dried),,,Fruit,,,,,Fermentables,0,28.9
Caramel / Crystal 150L,America,,Crystal malt (Grain),,,,,Fermentables,150,33
Caramel / Crystal 15L,America,,Crystal malt (Grain),,,,,Fermentables,15,35
Caramel / Crystal 20L,America,,Crystal malt (Grain),,,,,Fermentables,20,35
Caramel / Crystal 30L,America,,Crystal malt (Grain),,,,,Fermentables,30,34
Dewberry,,,Fruit,,,,,Fermentables,0,2.5
Caramel / Crystal 40L,America,,Crystal malt (Grain),,,,,Fermentables,40,34
Caramel / Crystal 60L,America,,Crystal malt (Grain),,,,,Fermentables,60,34
Caramel / Crystal 75L,America,,Crystal malt (Grain),,,,,Fermentables,75,33
Caramel / Crystal 80L,America,,Crystal malt (Grain),,,,,Fermentables,80,33
Caramel / Crystal 90L,America,,Crystal malt (Grain),,,,,Fermentables,90,33
Caramel Pils,Belgium,,Crystal malt (Grain),,,,,Fermentables,8,34
Caramel Pils,Germany,,Crystal malt (Grain),,,,,Fermentables,2.4,35
Caramel Wheat,Germany,,Crystal malt (Grain),,,,,Fermentables,46,34
CaraMunich,Belgium,,Crystal malt (Grain),,,,,Fermentables,50,33
Elderberry,,,Fruit,,,,,Fermentables,0,2.75
CaraMunich I,Germany,,Crystal malt (Grain),,,,,Fermentables,39,34
CaraMunich II,Germany,,Crystal malt (Grain),,,,,Fermentables,46,34
CaraMunich III,Germany,,Crystal malt (Grain),,,,,Fermentables,57,34
Carapils,Germany,,Crystal malt (Grain),,,,,Fermentables,1.3,35
Fig,,,Fruit,,,,,Fermentables,0,5.3
Figs (dried),,,Fruit,,,,,Fermentables,0,29.95
Carapils (Dextrine Malt),America,,Crystal malt (Grain),,,,,Fermentables,1.8,33
CaraRed,Germany,,Crystal malt (Grain),,,,,Fermentables,20,34
Carastan (30/37),United Kingdom,,Crystal malt (Grain),,,,,Fermentables,34,35
Carastan Light (15L),United Kingdom,,Crystal malt (Grain),,,,,Fermentables,15,35
CaraVienne,Belgium,,Crystal malt (Grain),,,,,Fermentables,20,34
Crystal 140L,United Kingdom,,Crystal malt (Grain),,,,,Fermentables,140,33
Crystal 15L,United Kingdom,,Crystal malt (Grain),,,,,Fermentables,15,34
Crystal 30L,United Kingdom,,Crystal malt (Grain),,,,,Fermentables,30,34
Crystal 45L,United Kingdom,,Crystal malt (Grain),,,,,Fermentables,45,34
Crystal 50L,United Kingdom,,Crystal malt (Grain),,,,,Fermentables,50,34
Crystal 60L,United Kingdom,,Crystal malt (Grain),,,,,Fermentables,60,34
Gooseberry,,,Fruit,,,,,Fermentables,0,4.95
Grape,,,Fruit,,,,,Fermentables,0,7.15
"Grape, concord",,,Fruit,,,,,Fermentables,0,4
Grapefruit,,,Fruit,,,,,Fermentables,0,2.75
Crystal 70L,United Kingdom,,Crystal malt (Grain),,,,,Fermentables,70,34
Guanabana,,,Fruit,,,,,Fermentables,0,4
Guava,,,Fruit,,,,,Fermentables,0,2.8
Crystal 90L,United Kingdom,,Crystal malt (Grain),,,,,Fermentables,90,33
Honey,,,Sugar,,,,,Fermentables,2,42
Honey (Buckwheat),,,Sugar,,,,,Fermentables,2,42
Crystal Malt 100,Finland,,Crystal malt (Grain),,,,,Fermentables,38,35
Honeydew Melon,,,Fruit,,,,,Fermentables,0,4.5
Invert Sugar,,,Sugar,,,,,Fermentables,1,46
Jackfruit,,,Fruit,,,,,Fermentables,0,8.3
Kiwi,,,Fruit,,,,,Fermentables,0,5.75
Crystal Malt 150,Finland,,Crystal malt (Grain),,,,,Fermentables,57,35
Lactose (Milk Sugar),,,Sugar,,,,,Fermentables,1,41
Crystal Malt 250,Finland,,Crystal malt (Grain),,,,,Fermentables,94,35
Crystal Malt 300,Finland,,Crystal malt (Grain),,,,,Fermentables,113,35
Lemon juice,,,Fruit,,,,,Fermentables,0,1
Crystal Malt 50,Finland,,Crystal malt (Grain),,,,,Fermentables,19,35
Lime,,,Fruit,,,,,Fermentables,0,0.45
Lime juice,,,Fruit,,,,,Fermentables,0,0.45
Crystal Rye,United Kingdom,,Crystal malt (Grain),,,,,Fermentables,90,33
Dark Crystal 80L,United Kingdom,,Crystal malt (Grain),,,,,Fermentables,80,33
Dextrine Malt,United Kingdom,,Crystal malt (Grain),,,,,Fermentables,1.8,33
Extra Dark Crystal 120L,United Kingdom,,Crystal malt (Grain),,,,,Fermentables,120,33
Extra Dark Crystal 160L,United Kingdom,,Crystal malt (Grain),,,,,Fermentables,160,33
Dry Malt Extract - Amber,,,Extract (Dry Extract),,,,,Fermentables,10,42
Dry Malt Extract - Dark,,,Extract (Dry Extract),,,,,Fermentables,30,44
Dry Malt Extract - Extra Light,,,Extract (Dry Extract),,,,,Fermentables,2.5,42
Dry Malt Extract - Light,,,Extract (Dry Extract),,,,,Fermentables,4,42
Loganberry,,,Fruit,,,,,Fermentables,0,2.6
Lychee (Litchi),,,Fruit,,,,,Fermentables,0,7.65
Dry Malt Extract - Munich,,,Extract (Dry Extract),,,,,Fermentables,8,42
Maltodextrin,,,Sugar,,,,,Fermentables,0,39
Mango,,,Fruit,,,,,Fermentables,0,4.95
Maple Sap,,,Fruit,,,,,Fermentables,0,0.9
Maple Syrup,,,Fruit,,,,,Fermentables,0,29.8
Maple Syrup,,,Sugar,,,,,Fermentables,35,30
Dry Malt Extract - Pilsen,,,Extract (Dry Extract),,,,,Fermentables,2,42
Dry Malt Extract - Wheat,,,Extract (Dry Extract),,,,,Fermentables,3,42
Liquid Malt Extract - Amber,,,Extract (Dry Extract),,,,,Fermentables,10,35
Liquid Malt Extract - Dark,,,Extract (Liquid Extract),,,,,Fermentables,30,35
Liquid Malt Extract - Extra Light,,,Extract (Liquid Extract),,,,,Fermentables,2.5,37
Liquid Malt Extract - Light,,,Extract (Liquid Extract),,,,,Fermentables,4,35
Molasses,,,Sugar,,,,,Fermentables,80,36
Mulberry,,,Fruit,,,,,Fermentables,0,6.1
Liquid Malt Extract - Maris Otter,,,Extract (Liquid Extract),,,,,Fermentables,4,36
Liquid Malt Extract - Munich,,,Extract (Liquid Extract),,,,,Fermentables,8,35
Liquid Malt Extract - Pilsen,,,Extract (Liquid Extract),,,,,Fermentables,2,35
Liquid Malt Extract - Rye,,,Extract (Liquid Extract),,,,,Fermentables,9,35
Liquid Malt Extract - Wheat,,,Extract (Liquid Extract),,,,,Fermentables,3,35
Buckwheat Malt - Gluten Free,America,,Gluten-free malt (Grain),,,,,Fermentables,2,25
Crystal 10L Millet Malt - Gluten Free,America,,Gluten-free malt (Grain),,,,,Fermentables,10,25
Crystal 30L Millet Malt - Gluten Free,America,,Gluten-free malt (Grain),,,,,Fermentables,30,25
Dark Roasted Millet Malt - Gluten Free,America,,Gluten-free malt (Grain),,,,,Fermentables,300,25
Light Roasted Millet Malt - Gluten Free,America,,Gluten-free malt (Grain),,,,,Fermentables,7,25
Medium Roasted Millet Malt - Gluten Free,America,,Gluten-free malt (Grain),,,,,Fermentables,36,25
Nectarine,,,Fruit,,,,,Fermentables,0,3.4
Munich Millet Malt - Gluten Free,America,,Gluten-free malt (Grain),,,,,Fermentables,7,25
Pale Millet Malt - Gluten Free,America,,Gluten-free malt (Grain),,,,,Fermentables,1.5,30
Orange,,,Fruit,,,,,Fermentables,0,4.1
Orange (Blood Orange),,,Fruit,,,,,Fermentables,0,4.05
Orange juice,,,Fruit,,,,,Fermentables,0,4.8
Rice Hulls,,,Other (Grain),,,,,Fermentables,0,0
Flaked Barley,,,Raw (Adjunct),,,,,Fermentables,2.2,32
Flaked Corn,,,Raw (Adjunct),,,,,Fermentables,0.5,40
Flaked Oats,,,Raw (Adjunct),,,,,Fermentables,2.2,33
Flaked Rice,,,Raw (Adjunct),,,,,Fermentables,0.5,40
Flaked Rye,,,Raw (Adjunct),,,,,Fermentables,2.8,36
Flaked Wheat,,,Raw (Adjunct),,,,,Fermentables,2,34
Grits,,,Raw (Adjunct),,,,,Fermentables,1,37
Rolled Oats,,,Raw (Adjunct),,,,,Fermentables,2.2,33
Torrified Barley,,,Raw (Adjunct),,,,,Fermentables,2,36
Torrified Wheat,,,Raw (Adjunct),,,,,Fermentables,2,36
Rice Syrup Solids,,,Raw (Dry Extract),,,,,Fermentables,1,37
Golden Naked Oats,United Kingdom,,Raw (Grain),,,,,Fermentables,10,33
Unmalted Wheat,Belgium,,Raw (Grain),,,,,Fermentables,2,36
Papaya,,,Fruit,,,,,Fermentables,0,2.9
Passionfruit,,,Fruit,,,,,Fermentables,0,5
Peach,,,Fruit,,,,,Fermentables,0,4.05
Pear,,,Fruit,,,,,Fermentables,0,4.5
Aromatic,Belgium,,Roasted malt (Grain),,,,,Fermentables,38,33
Biscuit,Belgium,,Roasted malt (Grain),,,,,Fermentables,23,35
Persimmon,,,Fruit,,,,,Fermentables,0,6.3
Black Barley,America,,Roasted malt (Grain),,,,,Fermentables,530,27
Black Malt,America,,Roasted malt (Grain),,,,,Fermentables,500,28
Black Malt,Finland,,Roasted malt (Grain),,,,,Fermentables,526,30
Black Patent,United Kingdom,,Roasted malt (Grain),,,,,Fermentables,525,27
Blackprinz,America,,Roasted malt (Grain),,,,,Fermentables,500,36
Pineapple,,,Fruit,,,,,Fermentables,0,5.85
Plum,,,Fruit,,,,,Fermentables,0,4.95
Pomegranate,,,Fruit,,,,,Fermentables,0,5.2
Prickly Pear,,,Fruit,,,,,Fermentables,0,4.95
Prunes (dried),,,Fruit,,,,,Fermentables,0,19.8
Quince,,,Fruit,,,,,Fermentables,0,0.45
Raisins (dried),,,Fruit,,,,,Fermentables,0,29.25
Raspberry,,,Fruit,,,,,Fermentables,0,3.15
"Raspberry, black",,,Fruit,,,,,Fermentables,0,2.8
"Raspberry, red",,,Fruit,,,,,Fermentables,0,2.3
Brown,United Kingdom,,Roasted malt (Grain),,,,,Fermentables,65,32
CaraBrown,America,,Roasted malt (Grain),,,,,Fermentables,55,34
Rhubarb,,,Fruit,,,,,Fermentables,0,0.4
Carafa I,Germany,,Roasted malt (Grain),,,,,Fermentables,340,32
Carafa II,Germany,,Roasted malt (Grain),,,,,Fermentables,425,32
Carafa III,Germany,,Roasted malt (Grain),,,,,Fermentables,535,32
Chocolate,America,,Roasted malt (Grain),,,,,Fermentables,350,29
Chocolate,Belgium,,Roasted malt (Grain),,,,,Fermentables,340,30
Chocolate,United Kingdom,,Roasted malt (Grain),,,,,Fermentables,425,34
Chocolate Malt,Finland,,Roasted malt (Grain),,,,,Fermentables,338,31
Chocolate Rye,Germany,,Roasted malt (Grain),,,,,Fermentables,240,31
Chocolate Wheat,Germany,,Roasted malt (Grain),,,,,Fermentables,413,31
Coffee Malt,United Kingdom,,Roasted malt (Grain),,,,,Fermentables,150,36
Soft Candi Sugar - Blond,,,Sugar,,,,,Fermentables,5,38
Soft Candi Sugar - Brown,,,Sugar,,,,,Fermentables,60,38
Cookie Malt,Finland,,Roasted malt (Grain),,,,,Fermentables,19,37
Dark Ale,Finland,,Roasted malt (Grain),,,,,Fermentables,14,35
Dark Chocolate,America,,Roasted malt (Grain),,,,,Fermentables,420,29
De-Bittered Black,Belgium,,Roasted malt (Grain),,,,,Fermentables,566,34
Strawberry,,,Fruit,,,,,Fermentables,0,3.15
Sultanas,,,Fruit,,,,,Fermentables,0,8.55
Tangelo,,,Fruit,,,,,Fermentables,0,3.35
Tangerine,,,Fruit,,,,,Fermentables,0,2.95
Tomato,,,Fruit,,,,,Fermentables,0,1.25
De-Husked Caraf I,Germany,,Roasted malt (Grain),,,,,Fermentables,340,32
De-Husked Caraf II,Germany,,Roasted malt (Grain),,,,,Fermentables,418,32
Turbinado,,,Sugar,,,,,Fermentables,10,44
De-Husked Caraf III,Germany,,Roasted malt (Grain),,,,,Fermentables,470,32
Melanoid Malt,Finland,,Roasted malt (Grain),,,,,Fermentables,27,35
Melanoidin,Germany,,Roasted malt (Grain),,,,,Fermentables,25,37
Midnight Wheat Malt,America,,Roasted malt (Grain),,,,,Fermentables,550,33
Pale Chocolate,United Kingdom,,Roasted malt (Grain),,,,,Fermentables,207,33
Watermelon,,,Fruit,,,,,Fermentables,0,4.05
Roasted Barley,America,,Roasted malt (Grain),,,,,Fermentables,300,33
Roasted Barley,Belgium,,Roasted malt (Grain),,,,,Fermentables,575,30
Roasted Barley,United Kingdom,,Roasted malt (Grain),,,,,Fermentables,550,29
Special B,Belgium,,Roasted malt (Grain),,,,,Fermentables,115,34
Special Roast,America,,Roasted malt (Grain),,,,,Fermentables,50,33
White Sorghum Syrup - Gluten Free,,,Sugar,,,,,Fermentables,1.5,44
Victory,America,,Roasted malt (Grain),,,,,Fermentables,28,34
Youngberry,,,Fruit,,,,,Fermentables,0,2.5
Admiral,,,Pellet,,,13.5,Boil,Hops,,
Ahtanum,,,Pellet,,,5.4,Boil,Hops,,
Amarillo,,,Pellet,,,8.9,Boil,Hops,,
Apollo,,,Pellet,,,18.7,Boil,Hops,,
Aurora,,,Pellet,,,8.2,Boil,Hops,,
B. C. Goldings,,,Pellet,,,5.1,Boil,Hops,,
Banner,,,Pellet,,,13.1,Boil,Hops,,
Bramling Cross,,,Pellet,,,6.6,Boil,Hops,,
Bravo,,,Pellet,,,14.9,Boil,Hops,,
Brewer's Gold,,,Leaf/Whole,,,8.9,Boil,Hops,,
Bullion,,,Leaf/Whole,,,7.6,Boil,Hops,,
Calypso,,,Pellet,,,13.5,Boil,Hops,,
Cascade,,,Pellet,,,6.8,Boil,Hops,,
Centennial,,,Pellet,,,9.5,Aroma,Hops,,
Challenger,,,Pellet,,,8,Boil,Hops,,
chinook,,,Pellet,,,12.6,Boil,Hops,,
Citra,,,Pellet,,,11.7,Dry Hop,Hops,,
Cluster,,,Pellet,,,6.7,Boil,Hops,,
Columbia,,,Pellet,,,9.4,Boil,Hops,,
Columbus,,,Pellet,,,14.6,Boil,Hops,,
Comet,,,Leaf/Whole,,,10.9,Boil,Hops,,
Crystal,,,Plug,,,4.1,Aroma,Hops,,
Domestic Hallertau,,,Pellet,,,4.2,Boil,Hops,,
East Kent Goldings,,,Pellet,,,5.2,Boil,Hops,,
Eroica,,,Leaf/Whole,,,12,Boil,Hops,,
Falconer's Flight,,,Pellet,,,10.4,Dry Hop,Hops,,
First Gold,,,Leaf/Whole,,,7.4,Boil,Hops,,
Fuggles,,,Pellet,,,4.6,Boil,Hops,,
Galena,,,Pellet,,,12.9,Boil,Hops,,
Glacier,,,Pellet,,,5.6,Boil,Hops,,
Goldings,,,Leaf/Whole,,,4.8,Boil,Hops,,
Hallertau Hersbrucker,,,Plug,,,4,Boil,Hops,,
Hallertau Mittelfruh,,,Pellet,,,4.1,Boil,Hops,,
Hersbrucker,,,Pellet,,,3.6,Boil,Hops,,
Horizon,,,Pellet,,,12.1,Boil,Hops,,
Huller Bitterer,,,Pellet,,,5.8,Boil,Hops,,
Kent Goldings,,,Pellet,,,5.2,Boil,Hops,,
Liberty,,,Leaf/Whole,,,4.3,Boil,Hops,,
Lublin,,,Pellet,,,3.3,Dry Hop,Hops,,
Magnum,,,Pellet,,,14.4,Boil,Hops,,
Millenium,,,Pellet,,,15.4,Boil,Hops,,
Motueka,,,Pellet,,,7.1,Boil,Hops,,
Mount Hood,,,Pellet,,,5.2,Boil,Hops,,
Mount Rainier,,,Pellet,,,6.6,Boil,Hops,,
Nelson Sauvin,,,Pellet,,,12,Boil,Hops,,
Newport,,,Leaf/Whole,,,14.1,Boil,Hops,,
Northdown,,,Leaf/Whole,,,7.9,Boil,Hops,,
Northern Brewer,,,Pellet,,,8.4,Boil,Hops,,
Nugget,,,Pellet,,,13.4,Boil,Hops,,
Olympic,,,Pellet,,,12,Boil,Hops,,
Pacific Gem,,,Pellet,,,14.9,Boil,Hops,,
Palisade,,,Pellet,,,7.5,Aroma,Hops,,
Perle,,,Leaf/Whole,,,8.1,Boil,Hops,,
Phoenix,,,Pellet,,,9.7,Boil,Hops,,
Pioneer,,,Pellet,,,8.9,Boil,Hops,,
Pride of Ringwood,,,Pellet,,,10,Boil,Hops,,
Progress,,,Leaf/Whole,,,6.2,Boil,Hops,,
Saaz,,,Pellet,,,3.8,Boil,Hops,,
Santiam,,,Pellet,,,6.7,Boil,Hops,,
Simcoe,,,Pellet,,,12.8,Boil,Hops,,
Sorachi Ace,,,Pellet,,,11.8,Boil,Hops,,
Spalt,,,Pellet,,,4.4,Boil,Hops,,
Sterling,,,Leaf/Whole,,,8.1,Boil,Hops,,
Sticklebract,,,Pellet,,,12.4,Boil,Hops,,
Strisselspalt,,,Pellet,,,3.1,Aroma,Hops,,
Styrian Goldings,,,Pellet,,,5.1,Boil,Hops,,
Summit,,,Pellet,,,17.7,Boil,Hops,,
Super Alpha,,,Pellet,,,12.5,Boil,Hops,,
Super Styrians,,,Pellet,,,9,Boil,Hops,,
Talisman,,,Pellet,,,8,Boil,Hops,,
Target,,,Pellet,,,10.8,Boil,Hops,,
Tettnanger,,,Pellet,,,4.6,Boil,Hops,,
Tomahawk,,,Leaf/Whole,,,14.1,Boil,Hops,,
Ultra,,,Pellet,,,8.2,First Wort,Hops,,
Vanguard,,,Pellet,,,5.1,Boil,Hops,,
Warrior,,,Pellet,,,16,Boil,Hops,,
Whitbread Golding,,,Pellet,,,6.1,Boil,Hops,,
Willamette,,,Leaf/Whole,,,4.8,Boil,Hops,,
Wye Target,,,Leaf/Whole,,,10.4,Boil,Hops,,
Yakima Cluster,,,Leaf/Whole,,,7.9,Boil,Hops,,
Yamhill Goldings,,,Pellet,,,4,Aroma,Hops,,
Zenith,,,Leaf/Whole,,,9.6,Boil,Hops,,
Zeus,,,Leaf/Whole,,,15.8,Boil,Hops,,
Zythos,,,Pellet,,,11,Boil,Hops,,
ACCUmash,,,,,,,,Others,,
Allspice,,,,,,,,Others,,
Allspice Powder,,,,,,,,Others,,
American Oak Chips,,,,,,,,Others,,
American Oak Cubes (Heavy Toast),,,,,,,,Others,,
American Oak Cubes (Medium-Heavy Toast),,,,,,,,Others,,
American Oak Cubes (Medium Toast),,,,,,,,Others,,
American Oak Spiral (Heavy Toast),,,,,,,,Others,,
American Oak Spiral (Light Toast),,,,,,,,Others,,
American Oak Spiral (Medium Plus Toast),,,,,,,,Others,,
American Oak Spiral (Medium Toast),,,,,,,,Others,,
Amylase Enzyme,,,,,,,,Others,,
Apple Extract,,,,,,,,Others,,
Apricot Extract,,,,,,,,Others,,
Apricot Puree,,,,,,,,Others,,
Banana Extract,,,,,,,,Others,,
Bitter Orange Peel,,,,,,,,Others,,
Blackberries (Fresh),,,,,,,,Others,,
Blackberries (Frozen),,,,,,,,Others,,
Blackberry Extract,,,,,,,,Others,,
Blackberry Puree,,,,,,,,Others,,
Black Currant Extract,,,,,,,,Others,,
Black Pepper,,,,,,,,Others,,
Black Pepper (Ground),,,,,,,,Others,,
Black Pepper (Whole),,,,,,,,Others,,
Blueberries (Fresh),,,,,,,,Others,,
Blueberries (Frozen),,,,,,,,Others,,
Blueberry Puree,,,,,,,,Others,,
Bourbon,,,,,,,,Others,,
Bourbon Soaked French Oak Chips,,,,,,,,Others,,
BrewVint Yeast Nutrient,,,,,,,,Others,,
Burton Water Salts,,,,,,,,Others,,
Calcium Carbonate,,,,,,,,Others,,
Calcium Chloride,,,,,,,,Others,,
Campden Tablet,,,,,,,,Others,,
Cardamom (Ground),,,,,,,,Others,,
Cardamom Seed,,,,,,,,Others,,
Cardamom (Whole),,,,,,,,Others,,
Chamomile (Dried),,,,,,,,Others,,
Chamomile (Fresh),,,,,,,,Others,,
Cherries,,,,,,,,Others,,
Cherry Extract,,,,,,,,Others,,
Cherry Puree,,,,,,,,Others,,
Chicory Root,,,,,,,,Others,,
Chipotle Chili,,,,,,,,Others,,
Chocolate (Dark),,,,,,,,Others,,
Chocolate Extract,,,,,,,,Others,,
Chocolate (Milk),,,,,,,,Others,,
Cinnamon (Ground),,,,,,,,Others,,
Cinnamon Sticks,,,,,,,,Others,,
Cocoa Nibs,,,,,,,,Others,,
Cocoa Powder,,,,,,,,Others,,
Coffee (Brewed),,,,,,,,Others,,
Coffee (Ground),,,,,,,,Others,,
Coriander Seed,,,,,,,,Others,,
Cranberry Extract,,,,,,,,Others,,
Dextrose,,,,,,,,Others,,
Dried Woodruff,,,,,,,,Others,,
Elderflowers (Dried),,,,,,,,Others,,
Epsom Salt (MgSO4),,,,,,,,Others,,
Espresso,,,,,,,,Others,,
Fermax Yeast Nutrient,,,,,,,,Others,,
Five Star 5.2 pH Stabilizer,,,,,,,,Others,,
French Oak Chips,,,,,,,,Others,,
French Oak Cubes (Heavy Toast),,,,,,,,Others,,
French Oak Cubes (Medium-Heavy Toast),,,,,,,,Others,,
French Oak Cubes (Medium Toast),,,,,,,,Others,,
French Oak Spiral (Heavy Toast),,,,,,,,Others,,
French Oak Spiral (Light Toast),,,,,,,,Others,,
French Oak Spiral (Medium Plus Toast),,,,,,,,Others,,
French Oak Spiral (Medium Toast),,,,,,,,Others,,
Gelatin,,,,,,,,Others,,
Ginger Extract,,,,,,,,Others,,
Ginger Root (Dried),,,,,,,,Others,,
Ginger Root (Fresh),,,,,,,,Others,,
Grains of Paradise,,,,,,,,Others,,
Grape Extract,,,,,,,,Others,,
Grapefruit Zest,,,,,,,,Others,,
Gypsum (Calcium Sulfate),,,,,,,,Others,,
Heather Tips,,,,,,,,Others,,
Hibiscus,,,,,,,,Others,,
Hungarian Oak Cubes (Medium Toast),,,,,,,,Others,,
Indian Sarsaparilla,,,,,,,,Others,,
Irish Moss,,,,,,,,Others,,
Juniper Berries (Dried),,,,,,,,Others,,
Juniper Berries (Fresh),,,,,,,,Others,,
Lactose,,,,,,,,Others,,
Lavender,,,,,,,,Others,,
Lemongrass (Fresh),,,,,,,,Others,,
Lemon Peel,,,,,,,,Others,,
Lemon Peel (Dried),,,,,,,,Others,,
Lemon Zest,,,,,,,,Others,,
Licorice Root,,,,,,,,Others,,
Licorice Stick,,,,,,,,Others,,
Lime Peel (Dried),,,,,,,,Others,,
Lime Zest,,,,,,,,Others,,
Maltodextrin,,,,,,,,Others,,
Mango (Fresh),,,,,,,,Others,,
Mango (Frozen),,,,,,,,Others,,
Mugwort (Dried),,,,,,,,Others,,
Nutmeg (Ground),,,,,,,,Others,,
Oak Chips (Light),,,,,,,,Others,,
Orange Juice,,,,,,,,Others,,
Orange Peel,,,,,,,,Others,,
Orange Zest,,,,,,,,Others,,
Peaches (Fresh),,,,,,,,Others,,
Peaches (Frozen),,,,,,,,Others,,
Peach Puree,,,,,,,,Others,,
Pumpkin Pie Spice,,,,,,,,Others,,
Pumpkin Puree,,,,,,,,Others,,
Raisins,,,,,,,,Others,,
Raspberry Extract,,,,,,,,Others,,
Raspberry Puree,,,,,,,,Others,,
Raspberry (Whole),,,,,,,,Others,,
Rose Hips,,,,,,,,Others,,
Rosemary (Dried),,,,,,,,Others,,
Rosemary (Fresh),,,,,,,,Others,,
Sage (Dried),,,,,,,,Others,,
Sage (Fresh),,,,,,,,Others,,
Serrano Chili,,,,,,,,Others,,
Servomyces Yeast Nutrient,,,,,,,,Others,,
Sour Cherries (Fresh),,,,,,,,Others,,
Sour Cherries (Frozen),,,,,,,,Others,,
Spearmint (Dried),,,,,,,,Others,,
Spearmint (Fresh),,,,,,,,Others,,
Spruce Essence,,,,,,,,Others,,
Spruce Tips,,,,,,,,Others,,
Star Anise,,,,,,,,Others,,
Strawberries (Fresh),,,,,,,,Others,,
Strawberries (Frozen),,,,,,,,Others,,
Strawberry Extract,,,,,,,,Others,,
Super Moss HB,,,,,,,,Others,,
Sweet Orange Peel,,,,,,,,Others,,
Toasted Coconut,,,,,,,,Others,,
Vanilla Beans,,,,,,,,Others,,
Vanilla Extract,,,,,,,,Others,,
Watermelon Extract,,,,,,,,Others,,
Whirlfloc Tablet,,,,,,,,Others,,
Whiskey,,,,,,,,Others,,
Whole Cloves,,,,,,,,Others,,
Wintergreen Leaves,,,,,,,,Others,,
Wormwood (Dried),,,,,,,,Others,,
Yeast Energizer,,,,,,,,Others,,
Yeast Nutrient (Wyeast),,,,,,,,Others,,
Abbaye,Fermentis,,Dry,High,High,,,Yeasts,,
Abbey Ale Yeast,White Labs,WLP530,Liquid,High,Medium-High,,,Yeasts,,
Abbey IV Ale Yeast,White Labs,WLP540,Liquid,High,Medium,,,Yeasts,,
Amalgamation - Brett Super Blend,The Yeast Bay,,Liquid,Medium-High,Medium-Low,,,Yeasts,,
American Ale,Wyeast,1056,Liquid,High,Medium-Low,,,Yeasts,,
American Ale II,Wyeast,1272,Liquid,Medium,Medium-High,,,Yeasts,,
American Ale Yeast Blend,White Labs,WLP060,Liquid,Medium-High,Medium,,,Yeasts,,
American Hefeweizen Ale Yeast,White Labs,WLP320,Liquid,Medium,Low,,,Yeasts,,
American Lager Yeast,White Labs,WLP840,Liquid,Medium,Medium,,,Yeasts,,
American Lager Yeast,Wyeast,2035,Liquid,Medium,Medium,,,Yeasts,,
American Wheat,Wyeast,1010,Liquid,Medium,Low,,,Yeasts,,
Antwerp Ale Yeast,White Labs,WLP515,Liquid,Medium,Medium,,,Yeasts,,
Australian Ale Yeast,White Labs,WLP009,Liquid,Medium,High,,,Yeasts,,
Bavarian Lager,Wyeast,2206,Liquid,Medium,Medium-High,,,Yeasts,,
Bavarian Weizen,White Labs,WLP351,Liquid,Medium,Low,,,Yeasts,,
Bavarian Wheat,Wyeast,3638,Liquid,Medium,Low,,,Yeasts,,
Bavarian Wheat,Mangrove Jack's,M20,Dry,,,,,Yeasts,,
Bavarian Wheat Blend,Wyeast,3056,Liquid,Medium,Medium,,,Yeasts,,
Bedford British,White Labs,WLP006,Liquid,Medium,High,,,Yeasts,,
Beersel Brettanomyces Blend,The Yeast Bay,,Liquid,Medium,Medium-Low,,,Yeasts,,
Belgian Abbey,Wyeast,1214,Liquid,High,Medium-Low,,,Yeasts,,
Belgian Abbey II,Wyeast,1762,Liquid,High,Medium,,,Yeasts,,
Belgian Ale,Mangrove Jack's,M27,Dry,,,,,Yeasts,,
Belgian Ale Yeast,White Labs,WLP550,Liquid,Medium-High,Medium,,,Yeasts,,
Belgian Ardennes,Wyeast,3522,Liquid,High,High,,,Yeasts,,
Belgian Bastogne Ale Yeast,White Labs,WLP510,Liquid,High,Medium,,,Yeasts,,
Belgian Golden Ale Yeast,White Labs,WLP570,Liquid,High,Low,,,Yeasts,,
Belgian Lambic Blend,Wyeast,3278,Liquid,High,Variable,,,Yeasts,,
Belgian Saison II Yeast,White Labs,WLP566,Liquid,Medium,Medium,,,Yeasts,,
Belgian Saison I Yeast,White Labs,WLP565,Liquid,Medium,Medium,,,Yeasts,,
Belgian Saison Yeast,Wyeast,3724,Liquid,High,Low,,,Yeasts,,
Belgian Sour Mix I,White Labs,WLP655,Liquid,Medium-High,Medium-Low,,,Yeasts,,
Belgian Strong Ale,Wyeast,1388,Liquid,Very High,Low,,,Yeasts,,
Belgian Strong Ale Yeast,White Labs,WLP545,Liquid,High,Medium,,,Yeasts,,
Belgian Style Ale Yeast Blend,White Labs,WLP575,Liquid,Medium-High,Medium,,,Yeasts,,
Belgian Style Saison Ale Yeast Blend,White Labs,WLP568,Liquid,Medium,Medium,,,Yeasts,,
Belgian Wheat,Wyeast,3942,Liquid,High,Medium,,,Yeasts,,
Belgian Wit Ale Yeast,White Labs,WLP400,Liquid,Medium,Medium-Low,,,Yeasts,,
Belgian Witbier,Wyeast,3944,Liquid,High,Medium,,,Yeasts,,
Belgian Wit II,White Labs,,Liquid,Medium,Medium-Low,,,Yeasts,,
Belgian Wit II Ale Yeast,White Labs,WLP410,Liquid,Medium,Medium-Low,,,Yeasts,,
Belle Saison,Danstar,,Dry,High,Low,,,Yeasts,,
Berliner Weisse Blend,White Labs,WLP630,Liquid,Medium-High,Medium,,,Yeasts,,
Bohemian Lager,Wyeast,2124,Liquid,Medium,Medium-Low,,,Yeasts,,
Bohemian Lager,Mangrove Jack's,M27,Dry,,,,,Yeasts,,
Brettanomyces Bruxellensis,Wyeast,5112,Liquid,High,Medium,,,Yeasts,,
Brettanomyces Bruxellensis,White Labs,WLP650,Liquid,Medium-High,Low,,,Yeasts,,
Brettanomyces Claussenii,White Labs,WLP645,Liquid,Medium-High,Low,,,Yeasts,,
Brettanomyces Lambicus,White Labs,WLP653,Liquid,Medium-High,Low,,,Yeasts,,
Brettanomyces Lambicus,Wyeast,5526,Liquid,High,Medium,,,Yeasts,,
British Ale,Mangrove Jack's,M07,Dry,,,,,Yeasts,,
British Ale,Wyeast,1098,Liquid,Medium,Medium,,,Yeasts,,
British Ale II,Wyeast,1335,Liquid,Medium,High,,,Yeasts,,
British Ale Yeast,White Labs,WLP005,Liquid,Medium-High,Medium-High,,,Yeasts,,
Brussels Brettanomyces Blend,The Yeast Bay,,Liquid,Medium,Medium-Low,,,Yeasts,,
Budvar Lager,Wyeast,2000,Liquid,Medium,Medium-High,,,Yeasts,,
Burton Ale Yeast,White Labs,WLP023,Liquid,Medium,Medium,,,Yeasts,,
Burton Union,Mangrove Jack's,M79,Dry,,,,,Yeasts,,
California Ale,White Labs,WLP001,Liquid,High,Medium,,,Yeasts,,
California Ale Yeast,White Labs,WLP001,Liquid,High,Medium,,,Yeasts,,
California Lager,Wyeast,2112,Liquid,Medium,High,,,Yeasts,,
California V Ale Yeast,White Labs,WLP051,Liquid,Medium-High,Medium-High,,,Yeasts,,
Cider,Mangrove Jack's,M02,Dry,,,,,Yeasts,,
Cream Ale Yeast Blend,White Labs,WLP080,Liquid,Medium-High,Medium,,,Yeasts,,
Cry Havoc,White Labs,WLP862,Liquid,,Low,,,Yeasts,,
Czech Budejovice Lager Yeast,White Labs,WLP802,Liquid,Medium,Medium,,,Yeasts,,
Czech Pils,Wyeast,2279,Liquid,Medium,Medium-High,,,Yeasts,,
Danish Lager,Wyeast,2042,Liquid,Medium,Low,,,Yeasts,,
Denny's Favorite 50,Wyeast,1450,Liquid,Medium,Low,,,Yeasts,,
Dry Belgian Ale,The Yeast Bay,,Liquid,Medium,Medium-Low,,,Yeasts,,
Dry English Ale Yeast,White Labs,WLP007,Liquid,Medium-High,Medium-High,,,Yeasts,,
Dusseldorf Alt Yeast,White Labs,WLP036,Liquid,Medium,Medium,,,Yeasts,,
East Coast Ale Yeast,White Labs,WLP008,Liquid,Medium-High,Medium-High,,,Yeasts,,
East Midlands Ale Yeast,White Labs,WLP039,Liquid,Medium,Medium-High,,,Yeasts,,
Edinburgh Scottish Ale Yeast,White Labs,WLP028,Liquid,Medium-High,Medium,,,Yeasts,,
English Ale Yeast,White Labs,WLP002,Liquid,Medium,Very High,,,Yeasts,,
European Ale,Wyeast,1338,Liquid,Medium,High,,,Yeasts,,
European Ale Yeast,White Labs,WLP011,Liquid,Medium,Medium,,,Yeasts,,
Farmhouse Sour Ale,The Yeast Bay,,Liquid,Medium-High,Medium-Low,,,Yeasts,,
Forbidden Fruit,Wyeast,3463,Liquid,High,Low,,,Yeasts,,
French Ale,White Labs,WLP072,Liquid,Medium,Medium-High,,,Yeasts,,
French Saison,Wyeast,3711,Liquid,High,Low,,,Yeasts,,
Funktown Pale Ale,The Yeast Bay,,Liquid,Medium,Medium-Low,,,Yeasts,,
German Ale,Wyeast,1007,Liquid,High,Low,,,Yeasts,,
German Ale II,White Labs,WLP003,Liquid,Medium,Medium,,,Yeasts,,
German Ale/Kölsch Yeast,White Labs,WLP029,Liquid,Medium,Medium,,,Yeasts,,
German Bock Lager Yeast,White Labs,WLP833,Liquid,Medium-High,Medium,,,Yeasts,,
German Lager Yeast,White Labs,WLP830,Liquid,Medium,Medium,,,Yeasts,,
German Wheat,Wyeast,3333,Liquid,Medium,High,,,Yeasts,,
Hefeweizen Ale Yeast,White Labs,WLP300,Liquid,Medium,Low,,,Yeasts,,
Hefeweizen IV Ale Yeast,White Labs,WLP380,Liquid,Medium,Low,,,Yeasts,,
Irish Ale,Wyeast,1084,Liquid,High,Medium,,,Yeasts,,
Irish Ale Yeast,White Labs,WLP004,Liquid,Medium-High,Medium-High,,,Yeasts,,
Kölsh,Wyeast,2565,Liquid,Medium,Low,,,Yeasts,,
Lactobacillus,Wyeast,5335,Liquid,Medium,,,,Yeasts,,
Lactobacillus Delbrueckii,White Labs,WLP677,Liquid,Medium-High,Low,,,Yeasts,,
Lochristi Brettanomyces Blend,The Yeast Bay,,Liquid,Medium,Medium-Low,,,Yeasts,,
London Ale,Wyeast,1028,Liquid,High,Medium-Low,,,Yeasts,,
London Ale III,Wyeast,1318,Liquid,Medium,High,,,Yeasts,,
London Ale Yeast,White Labs,WLP013,Liquid,Medium,Medium,,,Yeasts,,
London ESB Ale,Wyeast,1968,Liquid,Medium,Very High,,,Yeasts,,
Manchester Ale Yeast,White Labs,WLP038,Liquid,Medium-High,Medium-High,,,Yeasts,,
Mexican Lager Yeast,White Labs,WLP940,Liquid,Medium,Medium,,,Yeasts,,
Munich Helles,White Labs,WLP860,Liquid,Medium,Medium,,,Yeasts,,
Munich Lager,Wyeast,2308,Liquid,Medium,Medium,,,Yeasts,,
Newcastle Dark Ale,Mangrove Jack's,M03,Dry,,,,,Yeasts,,
Northeastern Abbey,The Yeast Bay,,Liquid,Medium,Medium-Low,,,Yeasts,,
Northwest Ale,Wyeast,1332,Liquid,Medium,High,,,Yeasts,,
Nottingham Ale Yeast,White Labs,WLP039,Liquid,Medium,Medium-High,,,Yeasts,,
Oktoberfest/Märzen Lager Yeast,White Labs,WLP820,Liquid,Medium-High,Medium,,,Yeasts,,
Old Bavarian Lager Yeast,White Labs,WLP920,Liquid,Medium-High,Medium,,,Yeasts,,
Old Bruin Blend,Wyeast,3209,Liquid,Medium,Medium,,,Yeasts,,
Pacific Ale Yeast,White Labs,WLP041,Liquid,Medium,High,,,Yeasts,,
Pacman Yeast,Wyeast,1764,Liquid,Medium-High,Medium-High,,,Yeasts,,
Pediococcus,Wyeast,5733,Liquid,Medium,,,,Yeasts,,
Pilsen Lager,Wyeast,2007,Liquid,Medium,Medium,,,Yeasts,,
Pilsner Lager Yeast,White Labs,WLP800,Liquid,Medium,Medium-High,,,Yeasts,,
Ringwood Ale,Wyeast,1187,Liquid,Medium,High,,,Yeasts,,
Roeselare Ale Blend,Wyeast,3763,Liquid,High,Variable,,,Yeasts,,
Safale S-04,Fermentis,S-04,Dry,Medium,Medium,,,Yeasts,,
Safale US-05,Fermentis,US-05,Dry,,Medium,,,Yeasts,,
Safbrew S-33,Fermentis,S-33,Dry,Medium,Medium,,,Yeasts,,
Safbrew T-58,Fermentis,T-58,Dry,Medium,Medium,,,Yeasts,,
Safbrew WB-06,Fermentis,WB-06,Dry,Medium,Medium,,,Yeasts,,
Saflager S-23,Fermentis,S-23,Dry,Medium,Medium,,,Yeasts,,
Saflager W-34/70,Fermentis,W-34/70,Dry,Medium,Medium,,,Yeasts,,
Saison Blend,The Yeast Bay,,Liquid,Medium,Medium-Low,,,Yeasts,,
Saison/Brettanomyces Blend,The Yeast Bay,,Liquid,Medium,Medium-Low,,,Yeasts,,
San Diego Super Yeast,White Labs,WLP090,Liquid,High,Medium-High,,,Yeasts,,
San Francisco Lager Yeast,White Labs,WLP810,Liquid,Medium-High,High,,,Yeasts,,
Scottish Ale,Wyeast,1728,Liquid,High,High,,,Yeasts,,
Southern German Lager Yeast,White Labs,WLP838,Liquid,Medium,Medium-High,,,Yeasts,,
Thames Valley Ale,Wyeast,1275,Liquid,Medium,Medium-Low,,,Yeasts,,
Urquell Lager,Wyeast,2001,Liquid,Medium,Medium-High,,,Yeasts,,
U.S. West Coast,Mangrove Jack's,M44,Dry,,,,,Yeasts,,
Vermont Ale,The Yeast Bay,,Liquid,Medium,Medium-Low,,,Yeasts,,
Wallonian Farmhouse,The Yeast Bay,,Liquid,Medium,Medium,,,Yeasts,,
Weihenstephan Weizen,Wyeast,3068,Liquid,Medium,Low,,,Yeasts,,
Whitbread Ale,Wyeast,1099,Liquid,Medium,Medium-High,,,Yeasts,,
Workhorse,Mangrove Jack's,M10,Dry,,,,,Yeasts,,
Yorkshire Square Ale Yeast,White Labs,WLP037,Liquid,Medium-High,High,,,Yeasts,,
Zurich Lager Yeast,White Labs,WLP885,Liquid,Very High,Medium,,,Yeasts,,
